{
  "project_info": {
    "project_number": "78501440710",
    "firebase_url": "https://restaurantefirebase-grupo1-default-rtdb.firebaseio.com",
    "project_id": "restaurantefirebase-grupo1",
    "storage_bucket": "restaurantefirebase-grupo1.appspot.com"
  },
  "client": [
    {
      "client_info": {
        "mobilesdk_app_id": "1:78501440710:android:c1415ecfc526697f9d7bc7",
        "android_client_info": {
          "package_name": "com.example.demoapp"
        }
      },
      "oauth_client": [
        {
          "client_id": "78501440710-9e2r9ll3k46d260srgk8oqoqeb4dc9pg.apps.googleusercontent.com",
          "client_type": 3
        }
      ],
      "api_key": [
        {
          "current_key": "AIzaSyDT41DTZVqb9EXlrEFwtntaXJ6i5Z1RNlc"
        }
      ],
      "services": {
        "appinvite_service": {
          "other_platform_oauth_client": [
            {
              "client_id": "78501440710-9e2r9ll3k46d260srgk8oqoqeb4dc9pg.apps.googleusercontent.com",
              "client_type": 3
            }
          ]
        }
      }
    },
    {
      "client_info": {
        "mobilesdk_app_id": "1:78501440710:android:2eff57b8a01fb1df9d7bc7",
        "android_client_info": {
          "package_name": "com.example.home"
        }
      },
      "oauth_client": [
        {
          "client_id": "78501440710-9e2r9ll3k46d260srgk8oqoqeb4dc9pg.apps.googleusercontent.com",
          "client_type": 3
        }
      ],
      "api_key": [
        {
          "current_key": "AIzaSyDT41DTZVqb9EXlrEFwtntaXJ6i5Z1RNlc"
        }
      ],
      "services": {
        "appinvite_service": {
          "other_platform_oauth_client": [
            {
              "client_id": "78501440710-9e2r9ll3k46d260srgk8oqoqeb4dc9pg.apps.googleusercontent.com",
              "client_type": 3
            }
          ]
        }
      }
    },
    {
      "client_info": {
        "mobilesdk_app_id": "1:78501440710:android:7c571fba26b2145a9d7bc7",
        "android_client_info": {
          "package_name": "com.example.proyectorestaurante"
        }
      },
      "oauth_client": [
        {
          "client_id": "78501440710-793k43nulu7j3eqjiq3epcoc4v2arphl.apps.googleusercontent.com",
          "client_type": 1,
          "android_info": {
            "package_name": "com.example.proyectorestaurante",
            "certificate_hash": "e4386fdd155483420f13080c9f315a36122a42be"
          }
        },
        {
          "client_id": "78501440710-9e2r9ll3k46d260srgk8oqoqeb4dc9pg.apps.googleusercontent.com",
          "client_type": 3
        }
      ],
      "api_key": [
        {
          "current_key": "AIzaSyDT41DTZVqb9EXlrEFwtntaXJ6i5Z1RNlc"
        }
      ],
      "services": {
        "appinvite_service": {
          "other_platform_oauth_client": [
            {
              "client_id": "78501440710-9e2r9ll3k46d260srgk8oqoqeb4dc9pg.apps.googleusercontent.com",
              "client_type": 3
            }
          ]
        }
      }
    },
    {
      "client_info": {
        "mobilesdk_app_id": "1:78501440710:android:6a33d2f18d56bd119d7bc7",
        "android_client_info": {
          "package_name": "com.example.taskermanager"
        }
      },
      "oauth_client": [
        {
          "client_id": "78501440710-582ksni2jt6g0q41306bf50cehf3jcct.apps.googleusercontent.com",
          "client_type": 1,
          "android_info": {
            "package_name": "com.example.taskermanager",
            "certificate_hash": "e4386fdd155483420f13080c9f315a36122a42be"
          }
        },
        {
          "client_id": "78501440710-9e2r9ll3k46d260srgk8oqoqeb4dc9pg.apps.googleusercontent.com",
          "client_type": 3
        }
      ],
      "api_key": [
        {
          "current_key": "AIzaSyDT41DTZVqb9EXlrEFwtntaXJ6i5Z1RNlc"
        }
      ],
      "services": {
        "appinvite_service": {
          "other_platform_oauth_client": [
            {
              "client_id": "78501440710-9e2r9ll3k46d260srgk8oqoqeb4dc9pg.apps.googleusercontent.com",
              "client_type": 3
            }
          ]
        }
      }
    },
    {
      "client_info": {
        "mobilesdk_app_id": "1:78501440710:android:12c977cafacaab399d7bc7",
        "android_client_info": {
          "package_name": "com.uth.steaks"
        }
      },
      "oauth_client": [
        {
          "client_id": "78501440710-ojmruiarhq9raivlfpnsp889teavdaj0.apps.googleusercontent.com",
          "client_type": 1,
          "android_info": {
            "package_name": "com.uth.steaks",
            "certificate_hash": "e4386fdd155483420f13080c9f315a36122a42be"
          }
        },
        {
          "client_id": "78501440710-9e2r9ll3k46d260srgk8oqoqeb4dc9pg.apps.googleusercontent.com",
          "client_type": 3
        }
      ],
      "api_key": [
        {
          "current_key": "AIzaSyDT41DTZVqb9EXlrEFwtntaXJ6i5Z1RNlc"
        }
      ],
      "services": {
        "appinvite_service": {
          "other_platform_oauth_client": [
            {
              "client_id": "78501440710-9e2r9ll3k46d260srgk8oqoqeb4dc9pg.apps.googleusercontent.com",
              "client_type": 3
            }
          ]
        }
      }
    }
  ],
  "configuration_version": "1"
}